name,sku,price,description,featured_image,images
[ 1 BOX 10 ] KINOKI GOLD DETOX FOOT PADS / KOYO PENYERAP RACUN ,100200,10000,"1 box isinya 10pcs koyo dan 10pcs lem

UNTUK ANDA YG PERDULI KUALITAS,kinoki gold premium dengan bahan2 yg lebih baik dan berkwalitas.pembersih bantalan kaki detoks menyerap kotoran dan racun dari tubuh Anda saat Anda tidur! Pads berisi tumbuh-tumbuhan dan bahan alam lainnya yang lembut dan aman. meningkatkan kesehatan dan energi baru. Hanya rekatkan pad ke telapak kaki anda sebelum tidur, lalu keluarkan di pagi hari. Anda akan terkejut dengan residu racun yang telah di keluarkan dari tubuh anda! 1dus berisi 10 pads.di bungkus dengan almunium foil,yg memastikan kwalitas lbh terjamin.

Detox Foot Patch adalah cara alami untuk membantu tubuh anda dalam menghapus logam berat, sisa metabolik, racun, parasit mikroskopik, lendir, kimia, selulit dan banyak lagi.

FUNGSI :
Detoksifikasi pembalut tubuh anda, menghilangkan kotoran, meningkatkan tenaga, mengurangkan stres dan kecemasan, meningkatkan sirkulasi, dan menghilangkan rasa sakit dan nyeri. Detoksifikasi dengan Kinoki juga meningkatkan kwalitas tidur anda, meredakan sakit kepala, meningkatkan tumpuan mental dan konsentrasi, ditambah meningkatkan metabolisme dan mengurangkan keletihan dan kegemukan

CARA MENGGUNAKAN :
1. Tempelkan bagian yang ada tulisan ke plester yang telah disediakan,
2. Lalu tempelkan plester tersebut, dengan posisi Detox Foot Patch berada di tengah-tengah telapak kaki.
3. Gunakan sebelum tidur, dan biarkan 5-8 jam(selama Anda Tidur) agar racun dalam tubuh dapat di serap",https://drive.google.com/file/d/1NEOg4Cba0ghi21hqgah4ZIaa9aSixbqB/view?usp=sharing,https://drive.google.com/file/d/13V34yC_azEkjzzphZAZ9e2qTbwOYml7D/view?usp=sharing;https://drive.google.com/file/d/1-48ZJvWldNi8RlsD2sEotYgAfFCfN5Wb/view?usp=sharing;https://drive.google.com/file/d/19apEqFllNCQG7JiuVG3FP0uuLGeBkbFE/view?usp=sharing;https://drive.google.com/file/d/1Rg06Gsf-sFysJ3quVoKylGKs0vcPuO_D/view?usp=sharing;https://drive.google.com/file/d/1LMY56iEE6csmz8nSAQARO0BwmGqqo-57/view?usp=sharing
